{
    "aggregate1": 45.29177119704072,
    "aggregate2": 51.3151449595643
}